{
    "loss": 0.5721070766448975,
    "accuracy": 0.931034505367279
}